"","race_ethnicity","mean_infections_per_capita","median_infections_per_capita","min_infections_per_capita","max_infections_per_capita","mean_severe_per_capita","severe_ratio_pct"
"1","White, Non-Hispanic",16.2672022873338,11.8193619140887,8.39555038122124,65.933149419388,0.610745302162362,3.75445815066743
"2","Asian, Non-Hispanic",11.7604402776446,8.8547193570122,0.540784136998648,32.8428303068253,0.384182589807323,3.26673645490649
"3","American Indian or Alaska Native, Non-Hispanic",14.778777207561,11.3785173160173,7.54458161865569,39.6672034353194,0.430421360557665,2.91242877886714
"4","Black, Non-Hispanic",13.7473990652919,10.1320974677964,0,66.6360856269113,0.298168938082702,2.16891163678728
"5","Multiracial (two or more of above races), Non-Hispanic",8.0760255413506,5.78991569390402,3.82513661202186,29.125651418645,0.174489300681103,2.16058381424982
"6","Hispanic (any race)",11.0374711177659,9.06761601429956,5.06510280308584,41.4750466190622,0.226687477942596,2.05379905889603
"7","Native Hawaiian or Pacific Islander, Non-Hispanic",12.1748384032246,9.19841105022884,0,53.3333333333333,0.219946494653258,1.8065660287943
